[
  {
    "question": "वाल्मीकि ने किस महर्षि से 'गुणवान पुरुष' के विषय में पूछा?",
    "options": ["वशिष्ठ", "नारद", "अत्रि", "विश्वामित्र"],
    "answer": "नारद"
  },
  {
    "question": "वाल्मीकि ने कुल कितने गुणों वाले पुरुष के बारे में प्रश्न किया?",
    "options": ["10", "14", "12", "8"],
    "answer": "14"
  },
  {
    "question": "नारद मुनि ने किस पुरुष को उन सभी गुणों से युक्त बताया?",
    "options": ["भरत", "राम", "लक्ष्मण", "दशरथ"],
    "answer": "राम"
  },
  {
    "question": "भगवान राम किस वंश में जन्मे थे?",
    "options": ["सोम वंश", "सूर्य वंश", "चन्द्र वंश", "रघु वंश"],
    "answer": "सूर्य वंश"
  },
  {
    "question": "राम के पिता का नाम क्या था?",
    "options": ["जनक", "दशरथ", "रघु", "दिलीप"],
    "answer": "दशरथ"
  },
  {
    "question": "राम के सबसे छोटे भाई कौन थे?",
    "options": ["लक्ष्मण", "भरत", "शत्रुघ्न", "विभीषण"],
    "answer": "शत्रुघ्न"
  },
  {
    "question": "नारद के अनुसार राम का स्वभाव कैसा था?",
    "options": ["क्रूर", "दयालु", "गर्वित", "स्वार्थी"],
    "answer": "दयालु"
  },
  {
    "question": "वाल्मीकि ने रामायण को किस रूप में रचने की इच्छा की?",
    "options": ["शास्त्र", "काव्य", "पुराण", "नाटक"],
    "answer": "काव्य"
  },
  {
    "question": "नारद के अनुसार राम कैसा राज्य करते थे?",
    "options": ["कठोर", "धार्मिक", "अन्यायी", "दुष्ट"],
    "answer": "धार्मिक"
  },
  {
    "question": "नारद मुनि किसके पुत्र हैं?",
    "options": ["ब्रह्मा", "वशिष्ठ", "कश्यप", "अत्रि"],
    "answer": "ब्रह्मा"
  },
  {
    "question": "रामायण के दूसरे सर्ग में नारद मुनि राम के किस गुण का वर्णन पहले करते हैं?",
    "options": ["धैर्य", "शौर्य", "सत्य", "विनय"],
    "answer": "शौर्य"
  },
  {
    "question": "राम ने किस राक्षसी का वध किया था?",
    "options": ["मंथरा", "ताड़का", "शूर्पणखा", "त्रिजटा"],
    "answer": "ताड़का"
  },
  {
    "question": "राम ने विश्वामित्र के यज्ञ की रक्षा किसके साथ की?",
    "options": ["शत्रुघ्न", "लक्ष्मण", "भरत", "हनुमान"],
    "answer": "लक्ष्मण"
  },
  {
    "question": "राम ने किसका धनुष तोड़ा था?",
    "options": ["रावण", "विश्वामित्र", "शिव", "विष्णु"],
    "answer": "शिव"
  },
  {
    "question": "सीता का विवाह राम से कहाँ हुआ?",
    "options": ["अयोध्या", "मिथिला", "लंका", "कौशल"],
    "answer": "मिथिला"
  },
  {
    "question": "राम के वनवास की अवधि कितनी बताई गई है?",
    "options": ["12 वर्ष", "10 वर्ष", "14 वर्ष", "7 वर्ष"],
    "answer": "14 वर्ष"
  },
  {
    "question": "राम के साथ वनवास में कौन-कौन गए थे?",
    "options": ["भरत और शत्रुघ्न", "लक्ष्मण और सीता", "केवल सीता", "लक्ष्मण और हनुमान"],
    "answer": "लक्ष्मण और सीता"
  },
  {
    "question": "रावण ने सीता का अपहरण कहाँ से किया?",
    "options": ["किष्किंधा", "पंचवटी", "चित्रकूट", "अरण्य"],
    "answer": "पंचवटी"
  },
  {
    "question": "सीता की खोज में राम की भेंट सबसे पहले किससे हुई?",
    "options": ["कबन्ध", "जटायू", "हनुमान", "शबरी"],
    "answer": "हनुमान"
  },
  {
    "question": "रामायण के अनुसार रावण का वध कहाँ हुआ?",
    "options": ["अयोध्या", "मिथिला", "लंका", "किष्किंधा"],
    "answer": "लंका"
  },
  {
    "question": "बालकाण्ड सर्ग 3 के अनुसार, वाल्मीकि ने किस दृश्य को देखकर एक श्लोक की रचना की?",
    "options": ["हंसों का जोड़ा", "क्रौंच पक्षियों का जोड़ा", "मोर का नृत्य", "हिरण का शिकार"],
    "answer": "क्रौंच पक्षियों का जोड़ा"
  },
  {
    "question": "सर्ग 3 में क्रौंच पक्षी का वध किसने किया?",
    "options": ["राम", "वाल्मीकि", "एक व्याध", "लक्ष्मण"],
    "answer": "एक व्याध"
  },
  {
    "question": "वाल्मीकि द्वारा रचित प्रथम श्लोक किस भाव से उत्पन्न हुआ था?",
    "options": ["क्रोध", "प्रेम", "शोक", "हर्ष"],
    "answer": "शोक"
  },
  {
    "question": "वाल्मीकि के द्वारा रचित श्लोक को सुनकर किसने उनकी सराहना की?",
    "options": ["विश्वामित्र", "नारद", "ब्रह्मा", "वशिष्ठ"],
    "answer": "ब्रह्मा"
  },
  {
    "question": "ब्रह्मा ने वाल्मीकि से क्या कहा?",
    "options": ["संगीत मत गाओ", "श्लोक भूल जाओ", "राम की कथा लिखो", "वन चले जाओ"],
    "answer": "राम की कथा लिखो"
  },
  {
    "question": "वाल्मीकि ने रामायण की रचना किसकी आज्ञा से की?",
    "options": ["नारद", "ब्रह्मा", "राम", "सीता"],
    "answer": "ब्रह्मा"
  },
  {
    "question": "वाल्मीकि को कौन-सा श्लोक सबसे पहले स्वतः प्रकट हुआ?",
    "options": [
      "मा निषाद प्रतिष्ठां त्वमगमः शाश्वतीः समाः",
      "रामो विग्रहवान् धर्मः",
      "न तु नाशयितुं शक्यम्",
      "स त्वया सह मैथिलि"
    ],
    "answer": "मा निषाद प्रतिष्ठां त्वमगमः शाश्वतीः समाः"
  },
  {
    "question": "सर्ग 3 के अनुसार, वाल्मीकि किस ऋषि से इस घटना के तुरंत बाद मिले?",
    "options": ["नारद", "वशिष्ठ", "ब्रह्मा", "विश्वामित्र"],
    "answer": "ब्रह्मा"
  },
  { "question": "बालकाण्ड सर्ग 4 के अनुसार, ब्रह्मा ने वाल्मीकि को कौन-सा वरदान दिया?", "options": ["अमरत्व का", "रामकथा को जानने का", "रचना की प्रसिद्धि का", "श्लोकों की लयबद्धता का"], "answer": "रामकथा को जानने का" }, { "question": "ब्रह्मा ने वाल्मीकि को क्या आश्वासन दिया कि रामकथा लिखते समय...?", "options": ["कोई त्रुटि नहीं होगी", "देवता सहायता करेंगे", "ज्ञान की वृद्धि होगी", "वह अमर हो जाएंगे"], "answer": "कोई त्रुटि नहीं होगी" }, { "question": "ब्रह्मा के जाने के बाद वाल्मीकि ने किसके साथ विचार किया?", "options": ["राम", "लक्ष्मण", "भरद्वाज", "नारद"], "answer": "भरद्वाज" }, { "question": "वाल्मीकि ने रामायण की रचना के लिए कौन-सा मार्ग अपनाया?", "options": ["योग साधना", "ध्यान", "गद्य लेखन", "काव्य रूप"], "answer": "काव्य रूप" }, { "question": "रामायण की कथा किस प्रकार की थी?", "options": ["दुखान्त", "प्राचीन", "चरितात्मक", "तत्वमीमांसा"], "answer": "चरितात्मक" }, { "question": "वाल्मीकि ने किस छन्द में रामायण की रचना की?", "options": ["अनुष्टुप", "त्रिष्टुप", "श्लोक", "उपजाति"], "answer": "श्लोक" }, { "question": "रामायण के पात्र किस प्रकार वर्णित हैं?", "options": ["कल्याणकारी और मर्यादित", "क्रोधित और अन्यायी", "भयभीत और मोहग्रस्त", "गुप्त और मायावी"], "answer": "कल्याणकारी और मर्यादित" }, { "question": "रामकथा सुनने से श्रोता को क्या फल प्राप्त होता है (सर्ग 4 अनुसार)?", "options": ["धन प्राप्ति", "स्वर्ग प्राप्ति", "यश और पुण्य", "भय से मुक्ति"], "answer": "यश और पुण्य" }, { "question": "वाल्मीकि द्वारा रचित रामायण में कुल कितने श्लोकों का उल्लेख हुआ है?", "options": ["20,000", "24,000", "18,000", "12,000"], "answer": "24,000" }, { "question": "सर्ग 4 के अनुसार रामायण की कथा किस कालक्रम में रचित है?", "options": ["क्रमबद्ध", "विलोम", "सांकेतिक", "संक्षिप्त"], "answer": "क्रमबद्ध" } ]

